Time_Peltier_On;T1;T2
11:21:14.197;7.269;7.751
11:21:14.371;7.219;7.641
11:21:14.580;7.092;7.514
11:21:14.791;6.968;7.401
11:21:14.998;6.876;7.274
11:21:15.205;6.788;7.166
11:21:15.378;6.705;7.094
11:21:15.583;6.653;7.006
11:21:15.793;6.589;6.923
11:21:16.002;6.529;6.843
11:21:16.212;6.484;6.779
11:21:16.376;6.449;6.713
11:21:16.580;6.399;6.672
11:21:16.790;6.352;6.616
11:21:16.999;6.33;6.569
11:21:17.166;6.291;6.547
11:21:17.381;6.266;6.5
11:21:17.593;6.236;6.473
11:21:17.801;6.225;6.442
11:21:17.973;6.208;6.401
11:21:18.181;6.172;6.365
11:21:18.396;6.164;6.36
11:21:18.608;6.17;6.318
11:21:18.766;6.153;6.293
11:21:18.978;6.156;6.266
11:21:19.188;6.137;6.263
11:21:19.397;6.109;6.246
11:21:19.603;6.106;6.216
11:21:19.768;6.106;6.213
11:21:19.977;6.079;6.21
11:21:20.191;6.067;6.172
11:21:20.406;6.062;6.158
11:21:20.574;6.059;6.147
11:21:20.786;6.048;6.144
11:21:20.994;6.021;6.125
11:21:21.209;6.023;6.1
11:21:21.363;6.029;6.103
11:21:21.572;6.012;6.089
11:21:21.797;6.004;6.092
11:21:22.003;6.001;6.081
11:21:22.166;5.996;6.064
11:21:22.380;5.974;6.042
11:21:22.589;5.943;6.028
11:21:22.797;5.957;6.025
11:21:23.008;5.916;6.025
11:21:23.173;5.949;5.995
11:21:23.385;5.938;5.984
11:21:23.596;5.927;5.962
11:21:23.810;5.916;5.94
11:21:23.968;5.888;5.943
11:21:24.179;5.891;5.968
11:21:24.389;5.877;5.929
11:21:24.597;5.869;5.912
11:21:24.814;5.844;5.887
11:21:24.968;5.833;5.868
11:21:25.183;5.827;5.876
11:21:25.398;5.805;5.863
11:21:25.606;5.813;5.838
11:21:25.774;5.811;5.841
11:21:25.986;5.767;5.829
11:21:26.198;5.761;5.807
11:21:26.406;5.764;5.813
11:21:26.567;5.753;5.774
11:21:26.776;5.744;5.788
11:21:26.986;5.714;5.76
11:21:27.194;5.703;5.752
11:21:27.407;5.695;5.76
11:21:27.569;5.706;5.744
11:21:27.779;5.681;5.713
11:21:27.993;5.673;5.713
11:21:28.204;5.634;5.683
11:21:28.375;5.642;5.672
11:21:28.590;5.617;5.655
11:21:28.800;5.604;5.65
11:21:29.010;5.626;5.611
11:21:29.169;5.59;5.631
11:21:29.382;5.576;5.625
11:21:29.586;5.548;5.598
11:21:29.801;5.554;5.562
11:21:30.002;5.532;5.57
11:21:30.174;5.529;5.537
11:21:30.382;5.507;5.553
11:21:30.593;5.49;5.517
11:21:30.805;5.482;5.528
11:21:30.974;5.471;5.498
11:21:31.187;5.468;5.479
11:21:31.396;5.435;5.457
11:21:31.604;5.424;5.459
11:21:31.764;5.435;5.446
11:21:31.989;5.419;5.432
11:21:32.205;5.388;5.426
11:21:32.406;5.372;5.429
11:21:32.566;5.369;5.395
11:21:32.774;5.368;5.397
11:21:32.987;5.334;5.392
11:21:33.199;5.312;5.359
11:21:33.407;5.307;5.348
11:21:33.573;5.307;5.337
11:21:33.782;5.287;5.315
11:21:33.996;5.268;5.304
11:21:34.204;5.254;5.306
11:21:34.364;5.263;5.29
11:21:34.578;5.21;5.257
11:21:34.785;5.221;5.27
11:21:34.990;5.202;5.262
11:21:35.214;5.183;5.223
11:21:35.370;5.196;5.218
11:21:35.577;5.147;5.221
11:21:35.790;5.149;5.196
11:21:35.997;5.133;5.182
11:21:36.209;5.119;5.16
11:21:36.374;5.127;5.141
11:21:36.589;5.094;5.13
11:21:36.796;5.089;5.13
11:21:37.008;5.075;5.119
11:21:37.167;5.056;5.105
11:21:37.378;5.045;5.077
11:21:37.587;5.033;5.074
11:21:37.796;5.003;5.066
11:21:38.010;4.989;5.041
11:21:38.169;5;5.038
11:21:38.378;4.964;5.016
11:21:38.588;4.984;5.014
11:21:38.798;4.942;4.987
11:21:39.006;4.923;4.971
11:21:39.171;4.92;4.974
11:21:39.384;4.893;4.954
11:21:39.596;4.896;4.907
11:21:39.809;4.865;4.921
11:21:39.968;4.854;4.899
11:21:40.175;4.851;4.902
11:21:40.390;4.84;4.891
11:21:40.601;4.826;4.869
11:21:40.808;4.829;4.855
11:21:40.968;4.815;4.852
11:21:41.178;4.791;4.822
11:21:41.393;4.785;4.813
11:21:41.608;4.757;4.789
11:21:41.774;4.749;4.789
11:21:41.987;4.73;4.786
11:21:42.197;4.699;4.764
11:21:42.406;4.699;4.733
11:21:42.567;4.694;4.744
11:21:42.793;4.691;4.729
11:21:42.995;4.68;4.715
11:21:43.206;4.661;4.715
11:21:43.370;4.647;4.682
11:21:43.578;4.636;4.685
11:21:43.790;4.614;4.655
11:21:44.004;4.611;4.644
11:21:44.175;4.608;4.644
11:21:44.384;4.581;4.608
11:21:44.594;4.55;4.608
11:21:44.803;4.559;4.572
11:21:44.967;4.536;4.577
11:21:45.174;4.528;4.558
11:21:45.392;4.503;4.53
11:21:45.600;4.492;4.539
11:21:45.815;4.467;4.511
11:21:45.971;4.476;4.506
11:21:46.181;4.445;4.5
11:21:46.392;4.426;4.472
11:21:46.600;4.426;4.47
11:21:46.810;4.423;4.448
11:21:46.974;4.393;4.45
11:21:47.186;4.387;4.439
11:21:47.391;4.363;4.431
11:21:47.604;4.368;4.406
11:21:47.770;4.335;4.409
11:21:47.991;4.318;4.367
11:21:48.189;4.327;4.362
11:21:48.404;4.321;4.337
11:21:48.566;4.307;4.343
11:21:48.776;4.284;4.322
11:21:48.987;4.284;4.297
11:21:49.195;4.256;4.303
11:21:49.406;4.231;4.28
11:21:49.573;4.223;4.269
11:21:49.785;4.22;4.242
11:21:49.998;4.181;4.239
11:21:50.210;4.184;4.236
11:21:50.368;4.184;4.22
11:21:50.579;4.17;4.189
11:21:50.789;4.139;4.198
11:21:51.004;4.137;4.167
11:21:51.166;4.125;4.158
11:21:51.378;4.089;4.13
11:21:51.588;4.123;4.139
11:21:51.801;4.072;4.116
11:21:51.974;4.072;4.108
11:21:52.182;4.055;4.083
11:21:52.395;4.05;4.086
11:21:52.607;4.033;4.06
11:21:52.815;4.039;4.049
11:21:52.967;3.991;4.055
11:21:53.185;3.988;4.016
11:21:53.400;3.952;4.01
11:21:53.609;3.957;3.976
11:21:53.769;3.946;3.996
11:21:53.980;3.926;3.974
11:21:54.193;3.912;3.943
11:21:54.407;3.901;3.943
11:21:54.571;3.887;3.926
11:21:54.785;3.865;3.932
11:21:54.989;3.812;3.92
11:21:55.201;3.856;3.881
11:21:55.366;3.812;3.878
11:21:55.572;3.826;3.864
11:21:55.779;3.8;3.867
11:21:55.986;3.778;3.833
11:21:56.201;3.778;3.817
11:21:56.407;3.764;3.803
11:21:56.566;3.747;3.794
11:21:56.784;3.742;3.769
11:21:56.992;3.725;3.772
11:21:57.203;3.702;3.749
11:21:57.374;3.716;3.716
11:21:57.586;3.674;3.719
11:21:57.795;3.68;3.716
11:21:58.004;3.646;3.702
11:21:58.164;3.646;3.688
11:21:58.373;3.624;3.691
11:21:58.598;3.615;3.663
11:21:58.800;3.596;3.657
11:21:59.005;3.596;3.62
11:21:59.171;3.576;3.609
11:21:59.377;3.557;3.592
11:21:59.594;3.548;3.567
11:21:59.807;3.531;3.562
11:21:59.974;3.529;3.548
11:22:00.187;3.501;3.553
11:22:00.397;3.495;3.542
11:22:00.609;3.475;3.525
11:22:00.770;3.445;3.511
11:22:00.975;3.442;3.497
11:22:01.182;3.433;3.472
11:22:01.392;3.419;3.464
11:22:01.599;3.4;3.464
11:22:01.766;3.386;3.427
11:22:01.981;3.375;3.422
11:22:02.187;3.366;3.405
11:22:02.401;3.377;3.41
11:22:02.573;3.358;3.382
11:22:02.784;3.346;3.377
11:22:02.996;3.321;3.365
11:22:03.206;3.293;3.335
11:22:03.366;3.307;3.337
11:22:03.574;3.293;3.293
11:22:03.785;3.257;3.309
11:22:03.995;3.237;3.298
11:22:04.196;3.226;3.27
11:22:04.410;3.204;3.231
11:22:04.566;3.212;3.248
11:22:04.782;3.19;3.231
11:22:04.991;3.162;3.242
11:22:05.206;3.164;3.203
11:22:05.373;3.145;3.203
11:22:05.586;3.136;3.203
11:22:05.796;3.136;3.167
11:22:06.003;3.125;3.158
11:22:06.171;3.108;3.15
11:22:06.386;3.089;3.133
11:22:06.586;3.077;3.133
11:22:06.804;3.061;3.113
11:22:06.970;3.075;3.102
11:22:07.180;3.033;3.063
11:22:07.391;3.021;3.085
11:22:07.603;2.996;3.035
11:22:07.773;3.007;3.029
11:22:07.986;2.982;3.032
11:22:08.197;2.957;3.007
11:22:08.411;2.957;2.99
11:22:08.569;2.96;2.979
11:22:08.782;2.915;2.962
11:22:08.991;2.932;2.934
11:22:09.197;2.873;2.928
11:22:09.367;2.895;2.923
11:22:09.575;2.867;2.931
11:22:09.783;2.845;2.909
11:22:09.996;2.853;2.881
11:22:10.211;2.814;2.858
11:22:10.371;2.8;2.875
11:22:10.577;2.794;2.836
11:22:10.786;2.783;2.839
11:22:10.991;2.783;2.825
11:22:11.196;2.755;2.802
11:22:11.367;2.747;2.774
11:22:11.581;2.741;2.78
11:22:11.790;2.722;2.763
11:22:12.001;2.688;2.743
11:22:12.207;2.685;2.741
11:22:12.376;2.677;2.721
11:22:12.590;2.671;2.724
11:22:12.794;2.638;2.71
11:22:13.011;2.624;2.685
11:22:13.171;2.629;2.648
11:22:13.391;2.61;2.645
11:22:13.607;2.584;2.634
11:22:13.810;2.607;2.609
11:22:13.969;2.568;2.629
11:22:14.178;2.556;2.601
11:22:14.384;2.565;2.592
11:22:14.598;2.531;2.581
11:22:14.811;2.528;2.567
11:22:14.969;2.5;2.545
11:22:15.175;2.5;2.545
11:22:15.381;2.464;2.536
11:22:15.603;2.458;2.5
11:22:15.798;2.433;2.497
11:22:16.005;2.425;2.491
11:22:16.167;2.419;2.48
11:22:16.382;2.416;2.432
11:22:16.595;2.394;2.432
11:22:16.802;2.397;2.424
11:22:16.978;2.38;2.421
11:22:17.188;2.357;2.404
11:22:17.399;2.38;2.382
11:22:17.606;2.315;2.362
11:22:17.768;2.324;2.368
11:22:17.982;2.293;2.36
11:22:18.185;2.279;2.323
11:22:18.394;2.257;2.309
11:22:18.606;2.24;2.298
11:22:18.774;2.254;2.281
11:22:18.980;2.22;2.278
11:22:19.193;2.228;2.256
11:22:19.403;2.206;2.276
11:22:19.575;2.189;2.245
11:22:19.788;2.158;2.211
11:22:19.992;2.156;2.219
11:22:20.205;2.158;2.177
11:22:20.371;2.13;2.194
11:22:20.575;2.116;2.161
11:22:20.799;2.108;2.144
11:22:21.005;2.108;2.144
11:22:21.211;2.08;2.138
11:22:21.371;2.083;2.127
11:22:21.577;2.055;2.091
11:22:21.791;2.058;2.063
11:22:21.997;2.032;2.063
11:22:22.210;2.027;2.054
11:22:22.375;2.002;2.06
11:22:22.588;1.973;2.04
11:22:22.799;1.982;2.018
11:22:23.010;1.962;1.995
11:22:23.171;1.945;2.009
11:22:23.374;1.94;1.979
11:22:23.586;1.92;1.967
11:22:23.792;1.895;1.95
11:22:24.000;1.878;1.928
11:22:24.166;1.875;1.931
11:22:24.380;1.85;1.917
11:22:24.590;1.864;1.878
11:22:24.798;1.864;1.892
11:22:25.011;1.805;1.866
11:22:25.172;1.828;1.855
11:22:25.383;1.794;1.838
11:22:25.596;1.783;1.819
11:22:25.807;1.78;1.816
11:22:25.968;1.763;1.799
11:22:26.175;1.738;1.799
11:22:26.384;1.721;1.782
11:22:26.597;1.702;1.766
11:22:26.805;1.719;1.752
11:22:26.973;1.702;1.738
11:22:27.178;1.682;1.726
11:22:27.390;1.668;1.712
11:22:27.599;1.651;1.693
11:22:27.773;1.637;1.67
11:22:27.981;1.618;1.676
11:22:28.194;1.62;1.648
11:22:28.406;1.609;1.634
11:22:28.568;1.584;1.609
11:22:28.778;1.567;1.631
11:22:28.988;1.55;1.586
11:22:29.197;1.556;1.609
11:22:29.406;1.517;1.572
11:22:29.568;1.511;1.555
11:22:29.779;1.486;1.553
11:22:29.987;1.472;1.547
11:22:30.197;1.475;1.522
11:22:30.405;1.447;1.511
11:22:30.571;1.441;1.508
11:22:30.792;1.444;1.502
11:22:31.005;1.419;1.46
11:22:31.213;1.422;1.438
11:22:31.370;1.382;1.443
11:22:31.581;1.36;1.427
11:22:31.794;1.363;1.404
11:22:32.001;1.371;1.393
11:22:32.168;1.335;1.387
11:22:32.379;1.312;1.373
11:22:32.587;1.323;1.376
11:22:32.795;1.304;1.342
11:22:33.003;1.312;1.328
11:22:33.172;1.248;1.314
11:22:33.385;1.262;1.32
11:22:33.595;1.239;1.295
11:22:33.807;1.217;1.278
11:22:33.971;1.22;1.261
11:22:34.190;1.192;1.244
11:22:34.396;1.195;1.261
11:22:34.594;1.178;1.233
11:22:34.799;1.155;1.214
11:22:34.971;1.155;1.216
11:22:35.180;1.147;1.183
11:22:35.388;1.122;1.169
11:22:35.599;1.096;1.158
11:22:35.806;1.105;1.152
11:22:35.973;1.082;1.144
11:22:36.185;1.082;1.124
11:22:36.394;1.063;1.113
11:22:36.607;1.046;1.082
11:22:36.775;1.032;1.093
11:22:36.975;1.021;1.071
11:22:37.183;0.996;1.048
11:22:37.391;0.982;1.045
11:22:37.616;0.97;1.029
11:22:37.771;0.982;1.009
11:22:37.978;0.94;1.001
11:22:38.190;0.914;0.978
11:22:38.396;0.92;0.964
11:22:38.611;0.914;0.953
11:22:38.771;0.903;0.939
11:22:38.987;0.881;0.928
11:22:39.195;0.875;0.911
11:22:39.404;0.864;0.905
11:22:39.617;0.844;0.894
11:22:39.770;0.836;0.875
11:22:39.981;0.816;0.844
11:22:40.196;0.791;0.852
11:22:40.402;0.788;0.821
11:22:40.569;0.771;0.83
11:22:40.777;0.769;0.804
11:22:40.993;0.735;0.804
11:22:41.200;0.721;0.779
11:22:41.374;0.721;0.762
11:22:41.586;0.69;0.746
11:22:41.799;0.696;0.734
11:22:42.007;0.682;0.723
11:22:42.167;0.662;0.706
11:22:42.375;0.648;0.706
11:22:42.592;0.626;0.673
11:22:42.808;0.643;0.681
11:22:42.967;0.615;0.648
11:22:43.175;0.595;0.648
11:22:43.389;0.575;0.608
11:22:43.596;0.57;0.62
11:22:43.809;0.561;0.6
11:22:43.973;0.564;0.6
11:22:44.185;0.539;0.578
11:22:44.397;0.497;0.575
11:22:44.608;0.516;0.541
11:22:44.770;0.469;0.547
11:22:44.977;0.48;0.53
11:22:45.188;0.452;0.496
11:22:45.403;0.452;0.502
11:22:45.570;0.444;0.479
11:22:45.777;0.418;0.451
11:22:45.990;0.416;0.454
11:22:46.197;0.399;0.446
11:22:46.410;0.376;0.404
11:22:46.575;0.371;0.423
11:22:46.787;0.343;0.426
11:22:46.994;0.346;0.395
11:22:47.202;0.34;0.373
11:22:47.366;0.304;0.379
11:22:47.574;0.301;0.348
11:22:47.800;0.301;0.348
11:22:48.001;0.292;0.334
11:22:48.172;0.27;0.297
11:22:48.380;0.242;0.311
11:22:48.598;0.245;0.292
11:22:48.804;0.225;0.278
11:22:48.967;0.214;0.261
11:22:49.182;0.2;0.255
11:22:49.389;0.189;0.25
11:22:49.594;0.186;0.222
11:22:49.808;0.161;0.208
11:22:49.973;0.147;0.191
11:22:50.186;0.135;0.188
11:22:50.395;0.127;0.163
11:22:50.607;0.096;0.157
11:22:50.767;0.079;0.149
11:22:50.977;0.082;0.129
11:22:51.194;0.068;0.126
11:22:51.396;0.054;0.096
11:22:51.568;0.02;0.096
11:22:51.776;0.032;0.068
11:22:51.989;0.015;0.065
11:22:52.197;0.001;0.062
11:22:52.402;-0.019;0.056
11:22:52.575;-0.027;0.026
11:22:52.784;-0.027;0.012
11:22:52.997;-0.061;0.006
11:22:53.212;-0.055;-0.025
11:22:53.371;-0.086;-0.031
11:22:53.579;-0.061;-0.042
11:22:53.795;-0.111;-0.061
11:22:54.005;-0.136;-0.078
11:22:54.167;-0.136;-0.092
11:22:54.381;-0.148;-0.106
11:22:54.595;-0.156;-0.117
11:22:54.804;-0.173;-0.151
11:22:54.975;-0.192;-0.126
11:22:55.184;-0.206;-0.168
11:22:55.394;-0.22;-0.168
11:22:55.603;-0.223;-0.173
11:22:55.770;-0.251;-0.199
11:22:55.972;-0.251;-0.207
11:22:56.180;-0.271;-0.207
11:22:56.388;-0.296;-0.221
11:22:56.594;-0.285;-0.243
11:22:56.801;-0.324;-0.243
11:22:56.967;-0.321;-0.269
11:22:57.184;-0.333;-0.291
11:22:57.395;-0.344;-0.286
11:22:57.602;-0.375;-0.325
11:22:57.774;-0.391;-0.328
11:22:57.986;-0.372;-0.344
11:22:58.194;-0.389;-0.353
11:22:58.406;-0.405;-0.361
11:22:58.613;-0.414;-0.384
11:22:58.768;-0.447;-0.389
11:22:58.979;-0.447;-0.386
11:22:59.193;-0.464;-0.406
11:22:59.401;-0.481;-0.445
11:22:59.567;-0.495;-0.456
11:22:59.776;-0.481;-0.456
11:22:59.991;-0.537;-0.487
11:23:00.204;-0.515;-0.479
11:23:00.374;-0.551;-0.496
11:23:00.584;-0.548;-0.521
11:23:00.800;-0.585;-0.535
11:23:00.966;-0.588;-0.535
11:23:01.177;-0.596;-0.543
11:23:01.386;-0.616;-0.58
11:23:01.593;-0.635;-0.566
11:23:01.813;-0.663;-0.594
11:23:01.966;-0.666;-0.588
11:23:02.180;-0.686;-0.619
11:23:02.391;-0.677;-0.644
11:23:02.602;-0.674;-0.625
11:23:02.774;-0.694;-0.653
11:23:02.983;-0.714;-0.658
11:23:03.195;-0.733;-0.675
11:23:03.404;-0.742;-0.692
11:23:03.567;-0.767;-0.714
11:23:03.774;-0.784;-0.737
11:23:03.981;-0.781;-0.767
11:23:04.190;-0.795;-0.737
11:23:04.397;-0.817;-0.776
11:23:04.570;-0.837;-0.784
11:23:04.778;-0.82;-0.784
11:23:04.989;-0.865;-0.798
11:23:05.195;-0.887;-0.807
11:23:05.404;-0.873;-0.821
11:23:05.579;-0.896;-0.849
11:23:05.788;-0.91;-0.88
11:23:05.999;-0.918;-0.888
11:23:06.207;-0.924;-0.888
11:23:06.367;-0.941;-0.913
11:23:06.581;-0.955;-0.922
11:23:06.790;-0.977;-0.908
11:23:06.997;-0.988;-0.952
11:23:07.205;-0.997;-0.95
11:23:07.370;-0.997;-0.964
11:23:07.577;-1.027;-0.983
11:23:07.788;-1.039;-0.989
11:23:07.997;-1.041;-1.017
11:23:08.204;-1.075;-1.017
11:23:08.372;-1.078;-1.042
11:23:08.590;-1.1;-1.073
11:23:08.797;-1.1;-1.042
11:23:08.968;-1.123;-1.067
11:23:09.176;-1.117;-1.084
11:23:09.401;-1.145;-1.112
11:23:09.604;-1.17;-1.134
11:23:09.767;-1.179;-1.132
11:23:09.982;-1.19;-1.149
11:23:10.197;-1.198;-1.157
11:23:10.409;-1.224;-1.188
11:23:10.574;-1.218;-1.165
11:23:10.788;-1.221;-1.185
11:23:10.994;-1.254;-1.216
11:23:11.203;-1.254;-1.219
11:23:11.368;-1.277;-1.227
11:23:11.576;-1.296;-1.235
11:23:11.783;-1.316;-1.269
11:23:12.003;-1.324;-1.28
11:23:12.201;-1.313;-1.275
11:23:12.366;-1.358;-1.328
11:23:12.581;-1.344;-1.311
11:23:12.789;-1.378;-1.325
11:23:13.000;-1.395;-1.342
11:23:13.213;-1.406;-1.364
11:23:13.373;-1.409;-1.361
11:23:13.576;-1.425;-1.367
11:23:13.783;-1.423;-1.384
11:23:13.990;-1.442;-1.395
11:23:14.197;-1.467;-1.412
11:23:14.370;-1.495;-1.429
11:23:14.579;-1.487;-1.465
11:23:14.794;-1.501;-1.471
11:23:15.007;-1.532;-1.454
11:23:15.173;-1.537;-1.482
11:23:15.382;-1.54;-1.474
11:23:15.591;-1.571;-1.51
11:23:15.802;-1.588;-1.546
11:23:15.969;-1.593;-1.56
11:23:16.177;-1.571;-1.549
11:23:16.384;-1.602;-1.58
11:23:16.605;-1.635;-1.572
11:23:16.804;-1.655;-1.597
11:23:16.967;-1.647;-1.605
11:23:17.182;-1.686;-1.611
11:23:17.391;-1.661;-1.628
11:23:17.596;-1.708;-1.63
11:23:17.811;-1.722;-1.664
11:23:17.970;-1.711;-1.658
11:23:18.188;-1.728;-1.684
11:23:18.400;-1.756;-1.695
11:23:18.612;-1.753;-1.709
11:23:18.769;-1.792;-1.72
11:23:18.981;-1.795;-1.729
11:23:19.195;-1.801;-1.751
11:23:19.403;-1.781;-1.759
11:23:19.565;-1.812;-1.776
11:23:19.777;-1.84;-1.776
11:23:19.989;-1.86;-1.782
11:23:20.203;-1.865;-1.813
11:23:20.376;-1.862;-1.843
11:23:20.589;-1.899;-1.846
11:23:20.794;-1.896;-1.857
11:23:21.005;-1.902;-1.86
11:23:21.166;-1.927;-1.888
11:23:21.374;-1.958;-1.883
11:23:21.592;-1.983;-1.913
11:23:21.801;-1.955;-1.916
11:23:21.968;-1.991;-1.936
11:23:22.180;-1.969;-1.944
11:23:22.394;-2.008;-1.967
11:23:22.600;-2.028;-1.967
11:23:22.767;-2.031;-1.995
11:23:22.985;-2.05;-2.006
11:23:23.193;-2.078;-2.014
11:23:23.399;-2.087;-2.04
11:23:23.575;-2.081;-2.034
11:23:23.785;-2.078;-2.059
11:23:23.997;-2.115;-2.042
11:23:24.210;-2.109;-2.073
11:23:24.368;-2.145;-2.096
11:23:24.582;-2.143;-2.115
11:23:24.785;-2.168;-2.126
11:23:25.000;-2.19;-2.135
11:23:25.202;-2.193;-2.143
11:23:25.369;-2.21;-2.14
11:23:25.580;-2.216;-2.171
11:23:25.788;-2.244;-2.18
11:23:25.999;-2.244;-2.208
11:23:26.208;-2.272;-2.208
11:23:26.376;-2.269;-2.222
11:23:26.590;-2.288;-2.227
11:23:26.797;-2.302;-2.25
11:23:27.005;-2.325;-2.255
11:23:27.169;-2.316;-2.272
11:23:27.382;-2.339;-2.278
11:23:27.590;-2.356;-2.314
11:23:27.797;-2.358;-2.323
11:23:28.006;-2.398;-2.334
11:23:28.169;-2.389;-2.342
11:23:28.383;-2.403;-2.353
11:23:28.590;-2.423;-2.362
11:23:28.804;-2.428;-2.373
11:23:28.975;-2.442;-2.395
11:23:29.187;-2.456;-2.407
11:23:29.395;-2.476;-2.415
11:23:29.606;-2.493;-2.443
11:23:29.771;-2.499;-2.435
11:23:29.975;-2.487;-2.446
11:23:30.182;-2.521;-2.463
11:23:30.389;-2.538;-2.491
11:23:30.596;-2.566;-2.493
11:23:30.816;-2.566;-2.519
11:23:30.967;-2.588;-2.53
11:23:31.182;-2.588;-2.558
11:23:31.395;-2.605;-2.552
11:23:31.601;-2.611;-2.561
11:23:31.774;-2.634;-2.586
11:23:31.987;-2.639;-2.583
11:23:32.197;-2.659;-2.617
11:23:32.413;-2.679;-2.626
11:23:32.567;-2.685;-2.637
11:23:32.774;-2.71;-2.631
11:23:32.983;-2.713;-2.691
11:23:33.203;-2.73;-2.654
11:23:33.402;-2.736;-2.682
11:23:33.568;-2.755;-2.694
11:23:33.777;-2.77;-2.705
11:23:33.991;-2.775;-2.736
11:23:34.197;-2.818;-2.75
11:23:34.410;-2.792;-2.747
11:23:34.574;-2.832;-2.762
11:23:34.787;-2.829;-2.787
11:23:34.999;-2.838;-2.773
11:23:35.208;-2.86;-2.798
11:23:35.367;-2.88;-2.798
11:23:35.574;-2.88;-2.827
11:23:35.783;-2.897;-2.83
11:23:35.990;-2.886;-2.861
11:23:36.216;-2.914;-2.852
11:23:36.370;-2.928;-2.864
11:23:36.578;-2.945;-2.898
11:23:36.784;-2.962;-2.915
11:23:36.999;-2.968;-2.934
11:23:37.205;-2.968;-2.937
11:23:37.372;-3.01;-2.951
11:23:37.584;-2.988;-2.946
11:23:37.795;-3.039;-2.991
11:23:38.004;-3.064;-2.988
11:23:38.164;-3.076;-2.983
11:23:38.375;-3.078;-3.011
11:23:38.585;-3.087;-3.011
11:23:38.791;-3.078;-3.045
11:23:38.998;-3.11;-3.054
11:23:39.171;-3.115;-3.056
11:23:39.379;-3.115;-3.076
11:23:39.590;-3.146;-3.09
11:23:39.793;-3.158;-3.116
11:23:40.006;-3.175;-3.099
11:23:40.173;-3.206;-3.133
11:23:40.384;-3.197;-3.15
11:23:40.593;-3.195;-3.173
11:23:40.810;-3.229;-3.17
11:23:40.967;-3.229;-3.187
11:23:41.174;-3.248;-3.19
11:23:41.386;-3.28;-3.201
11:23:41.590;-3.294;-3.224
11:23:41.798;-3.291;-3.229
11:23:41.965;-3.305;-3.246
11:23:42.180;-3.311;-3.263
11:23:42.387;-3.339;-3.269
11:23:42.601;-3.328;-3.303
11:23:42.773;-3.359;-3.32
11:23:42.986;-3.362;-3.306
11:23:43.198;-3.396;-3.32
11:23:43.410;-3.396;-3.345
11:23:43.569;-3.396;-3.343
11:23:43.779;-3.407;-3.357
11:23:43.987;-3.447;-3.388
11:23:44.200;-3.447;-3.399
11:23:44.409;-3.478;-3.425
11:23:44.574;-3.486;-3.396
11:23:44.782;-3.503;-3.425
11:23:44.989;-3.498;-3.436
11:23:45.204;-3.523;-3.462
11:23:45.375;-3.529;-3.47
11:23:45.588;-3.552;-3.484
11:23:45.793;-3.546;-3.513
11:23:46.005;-3.569;-3.513
11:23:46.171;-3.586;-3.515
11:23:46.374;-3.591;-3.544
11:23:46.582;-3.594;-3.538
11:23:46.788;-3.62;-3.561
11:23:47.010;-3.645;-3.583
11:23:47.210;-3.674;-3.609
11:23:47.370;-3.654;-3.612
11:23:47.576;-3.674;-3.632
11:23:47.792;-3.691;-3.612
11:23:47.993;-3.705;-3.637
11:23:48.206;-3.727;-3.646
11:23:48.376;-3.722;-3.685
11:23:48.584;-3.756;-3.685
11:23:48.795;-3.742;-3.705
11:23:49.003;-3.761;-3.719
11:23:49.168;-3.761;-3.725
11:23:49.374;-3.798;-3.742
11:23:49.601;-3.787;-3.728
11:23:49.808;-3.81;-3.762
11:23:49.970;-3.827;-3.782
11:23:50.183;-3.863;-3.782
11:23:50.392;-3.855;-3.81
11:23:50.601;-3.869;-3.816
11:23:50.768;-3.878;-3.813
11:23:50.982;-3.906;-3.847
11:23:51.196;-3.909;-3.855
11:23:51.407;-3.926;-3.881
11:23:51.573;-3.937;-3.875
11:23:51.782;-3.951;-3.909
11:23:51.992;-3.965;-3.904
11:23:52.206;-3.988;-3.904
11:23:52.365;-3.991;-3.938
11:23:52.572;-4.008;-3.926
11:23:52.779;-4.005;-3.957
11:23:52.986;-4.033;-3.98
11:23:53.192;-4.067;-3.986
11:23:53.399;-4.053;-4.003
11:23:53.570;-4.07;-4.008
11:23:53.779;-4.084;-4.04
11:23:53.985;-4.107;-4.059
11:23:54.198;-4.093;-4.051
11:23:54.412;-4.13;-4.065
11:23:54.570;-4.118;-4.082
11:23:54.781;-4.141;-4.094
11:23:54.982;-4.158;-4.111
11:23:55.188;-4.181;-4.133
11:23:55.409;-4.189;-4.139
11:23:55.610;-4.203;-4.15
11:23:55.770;-4.223;-4.184
11:23:55.977;-4.232;-4.173
11:23:56.185;-4.246;-4.19
11:23:56.397;-4.252;-4.196
11:23:56.609;-4.277;-4.227
11:23:56.774;-4.266;-4.238
11:23:56.983;-4.283;-4.238
11:23:57.193;-4.305;-4.241
11:23:57.407;-4.32;-4.264
11:23:57.566;-4.325;-4.286
11:23:57.772;-4.362;-4.298
11:23:57.981;-4.351;-4.3
11:23:58.189;-4.365;-4.3
11:23:58.403;-4.39;-4.312
11:23:58.603;-4.388;-4.351
11:23:58.770;-4.416;-4.363
11:23:58.976;-4.413;-4.371
11:23:59.191;-4.422;-4.368
11:23:59.397;-4.453;-4.385
11:23:59.612;-4.481;-4.397
11:23:59.772;-4.492;-4.417
11:23:59.977;-4.498;-4.445
11:24:00.187;-4.487;-4.456
11:24:00.388;-4.492;-4.473
11:24:00.595;-4.518;-4.485
11:24:00.818;-4.538;-4.485
11:24:00.971;-4.558;-4.516
11:24:01.179;-4.595;-4.524
11:24:01.391;-4.603;-4.524
11:24:01.597;-4.603;-4.547
11:24:01.808;-4.597;-4.553
11:24:01.974;-4.637;-4.561
11:24:02.184;-4.643;-4.592
11:24:02.395;-4.657;-4.595
11:24:02.612;-4.665;-4.604
11:24:02.765;-4.66;-4.609
11:24:02.986;-4.688;-4.623
11:24:03.200;-4.685;-4.632
11:24:03.403;-4.705;-4.666
11:24:03.603;-4.716;-4.666
11:24:03.769;-4.742;-4.694
11:24:03.976;-4.767;-4.697
11:24:04.188;-4.762;-4.711
11:24:04.398;-4.796;-4.723
11:24:04.609;-4.779;-4.72
11:24:04.775;-4.793;-4.751
11:24:04.988;-4.818;-4.765
11:24:05.199;-4.816;-4.762
11:24:05.407;-4.85;-4.793
11:24:05.567;-4.855;-4.799
11:24:05.776;-4.872;-4.805
11:24:06.000;-4.881;-4.836
11:24:06.195;-4.901;-4.836
11:24:06.403;-4.906;-4.85
11:24:06.571;-4.923;-4.87
11:24:06.781;-4.943;-4.867
11:24:06.991;-4.963;-4.915
11:24:07.200;-4.94;-4.918
11:24:07.373;-4.952;-4.91
11:24:07.586;-4.98;-4.941
11:24:07.797;-4.994;-4.952
11:24:08.010;-5.031;-4.958
11:24:08.169;-5.017;-4.961
11:24:08.379;-5.034;-4.983
11:24:08.591;-5.056;-4.995
11:24:08.801;-5.068;-5.017
11:24:09.011;-5.073;-5.043
11:24:09.170;-5.09;-5.034
11:24:09.380;-5.119;-5.023
11:24:09.590;-5.116;-5.066
11:24:09.798;-5.15;-5.083
11:24:09.972;-5.133;-5.091
11:24:10.185;-5.164;-5.1
11:24:10.396;-5.167;-5.128
11:24:10.609;-5.17;-5.134
11:24:10.767;-5.184;-5.151
11:24:10.975;-5.221;-5.156
11:24:11.185;-5.221;-5.165
11:24:11.398;-5.232;-5.159
11:24:11.608;-5.243;-5.204
11:24:11.769;-5.258;-5.196
11:24:11.986;-5.283;-5.224
11:24:12.192;-5.269;-5.221
11:24:12.405;-5.309;-5.25
11:24:12.574;-5.306;-5.25
11:24:12.782;-5.337;-5.244
11:24:12.994;-5.354;-5.304
11:24:13.203;-5.357;-5.306
11:24:13.414;-5.371;-5.321
11:24:13.568;-5.385;-5.332
11:24:13.782;-5.385;-5.323
11:24:13.990;-5.405;-5.36
11:24:14.207;-5.422;-5.363
11:24:14.366;-5.433;-5.363
11:24:14.580;-5.447;-5.391
11:24:14.791;-5.481;-5.394
11:24:14.997;-5.479;-5.397
11:24:15.178;-5.476;-5.437
11:24:15.387;-5.498;-5.448
11:24:15.597;-5.487;-5.459
11:24:15.804;-5.53;-5.465
11:24:15.970;-5.521;-5.482
11:24:16.180;-5.564;-5.491
11:24:16.380;-5.569;-5.51
11:24:16.606;-5.589;-5.519
11:24:16.805;-5.586;-5.547
11:24:16.969;-5.592;-5.539
11:24:17.177;-5.601;-5.536
11:24:17.385;-5.643;-5.564
11:24:17.595;-5.649;-5.593
11:24:17.806;-5.646;-5.612
11:24:17.976;-5.677;-5.615
11:24:18.192;-5.686;-5.646
11:24:18.402;-5.694;-5.632
11:24:18.609;-5.708;-5.666
11:24:18.768;-5.697;-5.669
11:24:18.976;-5.722;-5.669
11:24:19.189;-5.742;-5.686
11:24:19.393;-5.754;-5.697
11:24:19.600;-5.762;-5.697
11:24:19.767;-5.768;-5.706
11:24:19.983;-5.776;-5.737
11:24:20.192;-5.799;-5.757
11:24:20.400;-5.816;-5.763
11:24:20.574;-5.836;-5.78
11:24:20.787;-5.861;-5.788
11:24:20.997;-5.867;-5.808
11:24:21.210;-5.884;-5.828
11:24:21.367;-5.875;-5.833
11:24:21.574;-5.881;-5.839
11:24:21.790;-5.895;-5.859
11:24:22.005;-5.921;-5.876
11:24:22.169;-5.938;-5.873
11:24:22.381;-5.955;-5.896
11:24:22.592;-5.98;-5.918
11:24:22.803;-5.992;-5.924
11:24:22.975;-5.989;-5.927
11:24:23.183;-6.02;-5.953
11:24:23.395;-6.031;-5.969
11:24:23.604;-6.031;-5.975
11:24:23.768;-6.034;-6.006
11:24:23.975;-6.06;-5.998
11:24:24.199;-6.079;-6.035
11:24:24.389;-6.079;-6.012
11:24:24.595;-6.105;-6.043
11:24:24.811;-6.082;-6.072
11:24:24.970;-6.111;-6.043
11:24:25.178;-6.142;-6.063
11:24:25.389;-6.133;-6.089
11:24:25.596;-6.162;-6.106
11:24:25.804;-6.153;-6.123
11:24:25.978;-6.184;-6.128
11:24:26.184;-6.21;-6.151
11:24:26.394;-6.23;-6.162
11:24:26.606;-6.252;-6.176
11:24:26.818;-6.235;-6.174
11:24:26.971;-6.238;-6.213
11:24:27.178;-6.264;-6.208
11:24:27.385;-6.272;-6.205
11:24:27.597;-6.286;-6.233
11:24:27.803;-6.303;-6.247
11:24:27.974;-6.309;-6.261
11:24:28.187;-6.334;-6.261
11:24:28.392;-6.357;-6.276
11:24:28.604;-6.343;-6.293
11:24:28.770;-6.402;-6.327
11:24:28.976;-6.38;-6.321
11:24:29.182;-6.391;-6.315
11:24:29.389;-6.414;-6.335
11:24:29.603;-6.414;-6.346
11:24:29.767;-6.434;-6.361
11:24:29.974;-6.442;-6.369
11:24:30.187;-6.439;-6.386
11:24:30.394;-6.473;-6.4
11:24:30.609;-6.488;-6.414
11:24:30.773;-6.479;-6.42
11:24:30.986;-6.527;-6.448
11:24:31.193;-6.507;-6.471
11:24:31.403;-6.53;-6.482
11:24:31.615;-6.556;-6.491
11:24:31.769;-6.547;-6.511
11:24:31.981;-6.587;-6.522
11:24:32.190;-6.592;-6.545
11:24:32.400;-6.601;-6.55
11:24:32.568;-6.601;-6.539
11:24:32.782;-6.604;-6.579
11:24:32.995;-6.646;-6.57
11:24:33.207;-6.641;-6.607
11:24:33.374;-6.658;-6.607
11:24:33.583;-6.672;-6.61
11:24:33.791;-6.672;-6.627
11:24:34.003;-6.692;-6.652
11:24:34.215;-6.706;-6.664
11:24:34.370;-6.717;-6.667
11:24:34.581;-6.745;-6.681
11:24:34.790;-6.779;-6.701
11:24:35.002;-6.771;-6.72
11:24:35.169;-6.768;-6.737
11:24:35.385;-6.782;-6.735
11:24:35.594;-6.819;-6.769
11:24:35.803;-6.833;-6.763
11:24:35.981;-6.842;-6.777
11:24:36.185;-6.864;-6.78
11:24:36.392;-6.873;-6.783
11:24:36.605;-6.873;-6.828
11:24:36.771;-6.859;-6.834
11:24:36.976;-6.91;-6.817
11:24:37.201;-6.907;-6.868
11:24:37.402;-6.927;-6.859
11:24:37.567;-6.935;-6.876
11:24:37.780;-6.947;-6.89
11:24:37.987;-6.989;-6.907
11:24:38.201;-6.975;-6.919
11:24:38.380;-6.992;-6.947
11:24:38.590;-7.003;-6.956
11:24:38.797;-7.006;-6.973
11:24:39.015;-7.026;-6.973
11:24:39.168;-7.023;-6.984
11:24:39.383;-7.051;-6.998
11:24:39.596;-7.091;-7.009
11:24:39.805;-7.094;-7.024
11:24:39.972;-7.097;-7.044
11:24:40.180;-7.105;-7.029
11:24:40.394;-7.094;-7.058
11:24:40.600;-7.131;-7.063
11:24:40.768;-7.134;-7.078
11:24:40.981;-7.159;-7.089
11:24:41.193;-7.139;-7.103
11:24:41.406;-7.182;-7.114
11:24:41.574;-7.165;-7.14
11:24:41.782;-7.216;-7.151
11:24:41.993;-7.216;-7.165
11:24:42.200;-7.247;-7.194
11:24:42.367;-7.255;-7.18
11:24:42.592;-7.258;-7.199
11:24:42.794;-7.261;-7.205
11:24:43.004;-7.292;-7.239
11:24:43.170;-7.278;-7.231
11:24:43.378;-7.329;-7.248
11:24:43.589;-7.332;-7.259
11:24:43.796;-7.326;-7.29
11:24:44.009;-7.357;-7.276
11:24:44.174;-7.352;-7.318
11:24:44.387;-7.374;-7.307
11:24:44.596;-7.377;-7.335
11:24:44.809;-7.4;-7.347
11:24:44.969;-7.42;-7.33
11:24:45.182;-7.414;-7.364
11:24:45.396;-7.442;-7.392
11:24:45.598;-7.454;-7.367
11:24:45.767;-7.482;-7.42
11:24:45.975;-7.468;-7.412
11:24:46.188;-7.479;-7.426
11:24:46.399;-7.505;-7.446
11:24:46.603;-7.511;-7.457
11:24:46.775;-7.513;-7.469
11:24:46.988;-7.539;-7.486
11:24:47.198;-7.55;-7.514
11:24:47.410;-7.587;-7.503
11:24:47.567;-7.564;-7.522
11:24:47.775;-7.601;-7.534
11:24:47.982;-7.613;-7.571
11:24:48.189;-7.655;-7.573
11:24:48.403;-7.647;-7.576
11:24:48.571;-7.638;-7.579
11:24:48.787;-7.658;-7.585
11:24:48.995;-7.658;-7.605
11:24:49.170;-7.683;-7.63
11:24:49.378;-7.698;-7.636
11:24:49.588;-7.672;-7.636
11:24:49.796;-7.729;-7.653
11:24:50.007;-7.74;-7.667
11:24:50.173;-7.74;-7.698
11:24:50.382;-7.771;-7.698
11:24:50.592;-7.788;-7.732
11:24:50.805;-7.805;-7.709
11:24:51.010;-7.817;-7.741
11:24:51.171;-7.828;-7.766
11:24:51.380;-7.853;-7.772
11:24:51.589;-7.836;-7.786
11:24:51.799;-7.868;-7.817
11:24:52.001;-7.862;-7.811
11:24:52.169;-7.87;-7.814
11:24:52.381;-7.887;-7.814
11:24:52.584;-7.904;-7.843
11:24:52.792;-7.916;-7.845
11:24:53.002;-7.93;-7.843
11:24:53.174;-7.944;-7.891
11:24:53.387;-7.964;-7.891
11:24:53.598;-7.978;-7.928
11:24:53.805;-7.975;-7.922
11:24:53.972;-7.992;-7.919
11:24:54.175;-8.018;-7.948
11:24:54.385;-7.987;-7.959
11:24:54.595;-8.038;-7.979
11:24:54.801;-8.029;-7.967
11:24:54.968;-8.038;-7.999
11:24:55.182;-8.072;-8.007
11:24:55.392;-8.086;-8.01
11:24:55.599;-8.108;-8.047
11:24:55.812;-8.117;-8.047
11:24:55.973;-8.14;-8.072
11:24:56.173;-8.131;-8.101
11:24:56.379;-8.145;-8.086
11:24:56.589;-8.148;-8.098
11:24:56.795;-8.182;-8.115
11:24:56.971;-8.176;-8.115
11:24:57.180;-8.191;-8.163
11:24:57.386;-8.21;-8.149
11:24:57.600;-8.225;-8.16
11:24:57.811;-8.244;-8.171
11:24:57.975;-8.242;-8.197
11:24:58.188;-8.267;-8.203
11:24:58.400;-8.278;-8.222
11:24:58.613;-8.295;-8.237
11:24:58.775;-8.31;-8.234
11:24:58.981;-8.304;-8.251
11:24:59.193;-8.315;-8.273
11:24:59.403;-8.327;-8.279
11:24:59.569;-8.363;-8.276
11:24:59.780;-8.369;-8.302
11:24:59.988;-8.38;-8.313
11:25:00.195;-8.397;-8.336
11:25:00.410;-8.42;-8.33
11:25:00.578;-8.42;-8.333
11:25:00.789;-8.432;-8.364
11:25:00.996;-8.468;-8.398
11:25:01.205;-8.48;-8.392
11:25:01.371;-8.488;-8.395
11:25:01.591;-8.491;-8.438
11:25:01.799;-8.497;-8.449
11:25:02.004;-8.502;-8.441
11:25:02.168;-8.5;-8.469
11:25:02.381;-8.539;-8.469
11:25:02.587;-8.553;-8.489
11:25:02.798;-8.545;-8.494
11:25:03.006;-8.568;-8.503
11:25:03.172;-8.582;-8.526
11:25:03.385;-8.593;-8.537
11:25:03.596;-8.619;-8.545
11:25:03.808;-8.613;-8.545
11:25:03.967;-8.63;-8.577
11:25:04.180;-8.647;-8.588
11:25:04.386;-8.675;-8.591
11:25:04.600;-8.672;-8.611
11:25:04.812;-8.664;-8.622
11:25:04.967;-8.715;-8.645
11:25:05.179;-8.721;-8.65
11:25:05.386;-8.715;-8.684
11:25:05.594;-8.732;-8.673
11:25:05.809;-8.755;-8.673
11:25:05.977;-8.777;-8.704
11:25:06.188;-8.766;-8.732
11:25:06.393;-8.803;-8.721
11:25:06.606;-8.794;-8.738
11:25:06.767;-8.811;-8.749
11:25:06.974;-8.842;-8.769
11:25:07.181;-8.842;-8.769
11:25:07.388;-8.859;-8.806
11:25:07.603;-8.862;-8.798
11:25:07.770;-8.879;-8.809
11:25:07.984;-8.885;-8.846
11:25:08.200;-8.91;-8.837
11:25:08.367;-8.902;-8.849
11:25:08.584;-8.927;-8.863
11:25:08.793;-8.925;-8.888
11:25:09.003;-8.953;-8.922
11:25:09.174;-8.959;-8.922
11:25:09.387;-8.99;-8.922
11:25:09.599;-8.998;-8.942
11:25:09.810;-8.993;-8.942
11:25:09.967;-9.027;-8.954
11:25:10.179;-9.015;-8.959
11:25:10.383;-9.044;-8.982
11:25:10.592;-9.049;-9.007
11:25:10.801;-9.058;-9.007
11:25:10.968;-9.1;-9.033
11:25:11.182;-9.112;-8.73
11:25:11.396;-7.267;-6.094
11:25:11.601;-6.201;-5.125
11:25:11.774;-5.881;-4.793
11:25:11.980;-5.748;-4.649
11:25:12.196;-5.776;-4.691
11:25:12.411;-5.895;-4.762
11:25:12.579;-6.003;-4.856
11:25:12.785;-6.15;-4.958
11:25:12.983;-6.283;-5.083
11:25:13.189;-6.451;-5.213
11:25:13.395;-6.59;-5.326
11:25:13.603;-6.714;-5.437
11:25:13.770;-6.819;-5.527
11:25:13.981;-6.938;-5.604
11:25:14.192;-7.012;-5.689
11:25:14.399;-7.145;-5.777
11:25:14.572;-7.216;-5.853
11:25:14.791;-7.309;-5.93
11:25:14.997;-7.4;-5.986
11:25:15.208;-7.46;-6.06
11:25:15.368;-7.513;-6.117
11:25:15.579;-7.59;-6.165
11:25:15.788;-7.644;-6.242
11:25:16.002;-7.726;-6.287
11:25:16.170;-7.771;-6.324
11:25:16.378;-7.828;-6.369
11:25:16.588;-7.842;-6.446
11:25:16.791;-7.93;-6.494
11:25:17.002;-7.975;-6.531
11:25:17.175;-8.006;-6.573
11:25:17.388;-8.049;-6.633
11:25:17.598;-8.097;-6.641
11:25:17.805;-8.117;-6.698
11:25:17.965;-8.191;-6.729
11:25:18.174;-8.199;-6.786
11:25:18.382;-8.259;-6.837
11:25:18.588;-8.301;-6.879
11:25:18.806;-8.346;-6.902
11:25:18.970;-8.361;-6.95
11:25:19.179;-8.409;-6.976
11:25:19.384;-8.42;-7.009
11:25:19.601;-8.468;-7.058
11:25:19.774;-8.502;-7.097
11:25:19.985;-8.534;-7.131
11:25:20.198;-8.568;-7.182
11:25:20.410;-8.607;-7.182
11:25:20.569;-8.658;-7.259
11:25:20.781;-8.675;-7.29
11:25:20.989;-8.712;-7.318
11:25:21.198;-8.738;-7.364
11:25:21.367;-8.749;-7.401
11:25:21.575;-8.791;-7.437
11:25:21.790;-8.814;-7.454
11:25:21.998;-8.854;-7.503
11:25:22.174;-8.885;-7.522
11:25:22.381;-8.91;-7.59
11:25:22.592;-8.947;-7.616
11:25:22.804;-8.961;-7.656
11:25:22.968;-9.018;-7.684
11:25:23.188;-9.027;-7.735
11:25:23.383;-9.052;-7.786
11:25:23.594;-9.08;-7.814
11:25:23.800;-9.126;-7.851
11:25:23.967;-9.154;-7.885
11:25:24.183;-9.182;-7.931
11:25:24.397;-9.233;-7.987
11:25:24.610;-9.239;-7.996
11:25:24.775;-9.242;-8.061
11:25:24.988;-9.287;-8.112
11:25:25.192;-9.338;-8.154
11:25:25.405;-9.369;-8.183
11:25:25.571;-9.361;-8.217
11:25:25.792;-9.426;-8.256
11:25:25.994;-9.443;-8.31
11:25:26.199;-9.481;-8.358
11:25:26.371;-9.518;-8.373
11:25:26.581;-9.547;-8.446
11:25:26.787;-9.573;-8.48
11:25:26.999;-9.604;-8.511
11:25:27.205;-9.63;-8.582
11:25:27.371;-9.668;-8.599
11:25:27.587;-9.705;-8.65
11:25:27.800;-9.748;-8.707
11:25:28.011;-9.768;-8.761
11:25:28.173;-9.783;-8.792
11:25:28.382;-9.82;-8.851
11:25:28.590;-9.875;-8.928
11:25:28.798;-9.889;-8.948
11:25:28.968;-9.935;-8.993
11:25:29.180;-9.958;-9.067
11:25:29.388;-9.996;-9.112
11:25:29.601;-10.024;-9.186
11:25:29.774;-10.07;-9.237
11:25:29.986;-10.108;-9.302
11:25:30.199;-10.148;-9.345
11:25:30.411;-10.18;-9.449
11:25:30.570;-10.214;-9.481
11:25:30.779;-10.26;-9.585
11:25:30.989;-10.321;-9.645
11:25:31.203;-10.344;-9.72
11:25:31.368;-10.419;-9.792
11:25:31.581;-10.47;-9.858
11:25:31.792;-10.531;-9.956
11:25:32.003;-10.583;-10.057
11:25:32.175;-10.623;-10.16
11:25:32.384;-10.712;-10.287
11:25:32.596;-10.79;-10.408
11:25:32.809;-10.847;-10.526
11:25:32.978;-10.896;-10.586
11:25:33.180;-10.939;-10.658
11:25:33.390;-11;-10.742
11:25:33.600;-11.02;-10.825
11:25:33.814;-11.046;-10.862
11:25:33.972;-11.049;-10.885
11:25:34.179;-11.086;-10.923
11:25:34.393;-11.08;-10.949
11:25:34.601;-11.092;-10.977
11:25:34.774;-11.109;-10.977
11:25:34.989;-11.106;-10.989
11:25:35.195;-11.083;-11.009
11:25:35.404;-11.069;-11.006
11:25:35.566;-11.063;-10.995
11:25:35.774;-11.069;-10.995
11:25:35.982;-11.072;-10.992
11:25:36.189;-11.06;-10.98
11:25:36.397;-11.049;-10.998
11:25:36.621;-11.023;-10.977
11:25:36.767;-11.023;-10.972
11:25:36.977;-11.02;-10.998
11:25:37.185;-11.017;-10.966
11:25:37.398;-11.014;-10.969
11:25:37.609;-11.003;-10.952
11:25:37.774;-11;-10.949
11:25:37.987;-11;-10.952
11:25:38.194;-10.985;-10.969
11:25:38.403;-10.98;-10.963
11:25:38.611;-11;-10.96
11:25:38.766;-10.991;-10.937
11:25:38.984;-11.026;-10.972
11:25:39.187;-11.006;-10.943
11:25:39.395;-11.006;-10.966
11:25:39.603;-11.009;-10.952
11:25:39.770;-10.991;-10.96
11:25:39.977;-11.011;-10.975
11:25:40.192;-11.029;-10.963
11:25:40.402;-11.023;-10.989
11:25:40.574;-11.026;-10.986
11:25:40.781;-11.037;-11.003
11:25:40.997;-11.06;-10.992
11:25:41.207;-11.052;-10.992
11:25:41.371;-11.075;-11.009
11:25:41.576;-11.069;-11.021
11:25:41.784;-11.08;-11.018
11:25:41.994;-11.086;-11.041
11:25:42.202;-11.103;-11.035
11:25:42.369;-11.115;-11.067
11:25:42.576;-11.098;-11.058
11:25:42.788;-11.129;-11.067
11:25:42.998;-11.135;-11.095
11:25:43.210;-11.173;-11.087
11:25:43.374;-11.164;-11.118
11:25:43.586;-11.144;-11.113
11:25:43.797;-11.181;-11.118
11:25:44.008;-11.184;-11.153
11:25:44.166;-11.204;-11.162
11:25:44.393;-11.207;-11.159
11:25:44.593;-11.219;-11.188
11:25:44.802;-11.233;-11.19
11:25:44.966;-11.244;-11.179
11:25:45.178;-11.247;-11.219
11:25:45.387;-11.268;-11.219
11:25:45.596;-11.273;-11.239
11:25:45.804;-11.308;-11.242
11:25:45.976;-11.316;-11.251
11:25:46.188;-11.314;-11.262
11:25:46.394;-11.334;-11.28
11:25:46.605;-11.345;-11.294
11:25:46.765;-11.365;-11.294
11:25:46.991;-11.374;-11.317
11:25:47.195;-11.365;-11.343
11:25:47.407;-11.414;-11.334
11:25:47.606;-11.423;-11.337
11:25:47.771;-11.4;-11.34
11:25:47.982;-11.423;-11.375
11:25:48.194;-11.432;-11.386
11:25:48.407;-11.463;-11.4
11:25:48.574;-11.469;-11.395
11:25:48.787;-11.483;-11.435
11:25:48.994;-11.501;-11.435
11:25:49.206;-11.495;-11.438
11:25:49.411;-11.518;-11.464
11:25:49.569;-11.547;-11.449
11:25:49.780;-11.518;-11.484
11:25:49.987;-11.555;-11.484
11:25:50.195;-11.57;-11.513
11:25:50.419;-11.573;-11.533
11:25:50.571;-11.593;-11.539
11:25:50.780;-11.613;-11.541
11:25:50.986;-11.587;-11.57
11:25:51.196;-11.621;-11.553
11:25:51.408;-11.656;-11.585
11:25:51.574;-11.647;-11.588
11:25:51.787;-11.659;-11.602
11:25:51.995;-11.688;-11.613
11:25:52.202;-11.673;-11.619
11:25:52.416;-11.702;-11.611
11:25:52.569;-11.705;-11.651
11:25:52.781;-11.711;-11.662
11:25:52.991;-11.734;-11.674
11:25:53.200;-11.739;-11.674
11:25:53.367;-11.739;-11.694
11:25:53.580;-11.757;-11.714
11:25:53.787;-11.794;-11.7
11:25:54.002;-11.8;-11.729
11:25:54.177;-11.806;-11.752
11:25:54.391;-11.837;-11.749
11:25:54.595;-11.834;-11.76
11:25:54.807;-11.857;-11.777
11:25:54.967;-11.852;-11.798
11:25:55.175;-11.866;-11.795
11:25:55.383;-11.875;-11.829
11:25:55.590;-11.901;-11.829
11:25:55.797;-11.895;-11.861
11:25:55.971;-11.901;-11.855
11:25:56.182;-11.941;-11.878
11:25:56.393;-11.941;-11.901
11:25:56.603;-11.944;-11.904
11:25:56.774;-11.955;-11.895
11:25:56.987;-11.975;-11.907
11:25:57.197;-11.998;-11.933
11:25:57.408;-12.016;-11.921
11:25:57.570;-12.01;-11.965
11:25:57.777;-12.033;-11.967
11:25:57.987;-12.044;-11.99
11:25:58.194;-12.042;-11.988
11:25:58.401;-12.07;-12.016
11:25:58.567;-12.062;-12.005
11:25:58.781;-12.079;-12.022
11:25:58.994;-12.116;-12.062
11:25:59.212;-12.122;-12.048
11:25:59.372;-12.139;-12.085
11:25:59.579;-12.116;-12.091
11:25:59.780;-12.154;-12.08
11:25:59.986;-12.168;-12.088
11:26:00.199;-12.165;-12.108
11:26:00.404;-12.206;-12.114
11:26:00.569;-12.197;-12.126
11:26:00.777;-12.223;-12.146
11:26:00.984;-12.229;-12.186
11:26:01.199;-12.252;-12.183
11:26:01.406;-12.26;-12.183
11:26:01.573;-12.255;-12.195
11:26:01.786;-12.263;-12.215
11:26:01.998;-12.309;-12.209
11:26:02.210;-12.289;-12.246
11:26:02.371;-12.292;-12.261
11:26:02.584;-12.332;-12.252
11:26:02.791;-12.352;-12.278
11:26:03.000;-12.367;-12.298
11:26:03.167;-12.367;-12.307
11:26:03.386;-12.373;-12.324
11:26:03.593;-12.393;-12.316
11:26:03.808;-12.401;-12.336
11:26:03.974;-12.413;-12.336
11:26:04.188;-12.407;-12.364
11:26:04.396;-12.444;-12.37
11:26:04.608;-12.447;-12.396
11:26:04.768;-12.453;-12.382
11:26:04.979;-12.442;-12.396
11:26:05.187;-12.476;-12.434
11:26:05.397;-12.473;-12.422
11:26:05.572;-12.511;-12.451
11:26:05.785;-12.534;-12.471
11:26:05.999;-12.525;-12.457
11:26:06.173;-12.534;-12.477
11:26:06.385;-12.548;-12.491
11:26:06.590;-12.557;-12.494
11:26:06.801;-12.571;-12.5
11:26:06.967;-12.577;-12.52
11:26:07.175;-12.562;-12.543
11:26:07.385;-12.614;-12.572
11:26:07.591;-12.608;-12.572
11:26:07.798;-12.634;-12.563
11:26:07.966;-12.66;-12.586
11:26:08.174;-12.637;-12.621
11:26:08.388;-12.637;-12.621
11:26:08.595;-12.683;-12.644
11:26:08.809;-12.686;-12.638
11:26:08.976;-12.695;-12.664
11:26:09.189;-12.726;-12.681
11:26:09.395;-12.729;-12.69
11:26:09.607;-12.752;-12.667
11:26:09.767;-12.744;-12.701
11:26:09.976;-12.752;-12.704
11:26:10.197;-12.77;-12.71
11:26:10.409;-12.793;-12.75
11:26:10.610;-12.778;-12.736
11:26:10.770;-12.824;-12.747
11:26:10.983;-12.798;-12.776
11:26:11.194;-12.804;-12.773
11:26:11.401;-12.844;-12.796
11:26:11.574;-12.859;-12.808
11:26:11.788;-12.853;-12.822
11:26:11.993;-12.853;-12.836
11:26:12.202;-12.879;-12.822
11:26:12.368;-12.893;-12.848
11:26:12.575;-12.916;-12.859
11:26:12.784;-12.916;-12.88
11:26:13.010;-12.939;-12.897
11:26:13.169;-12.965;-12.894
11:26:13.379;-12.951;-12.917
11:26:13.591;-12.971;-12.917
11:26:13.800;-12.962;-12.926
11:26:13.968;-12.985;-12.946
11:26:14.176;-13.014;-12.963
11:26:14.390;-13.003;-12.975
11:26:14.597;-13.026;-12.986
11:26:14.775;-13.055;-12.992
11:26:14.988;-13.092;-13.026
11:26:15.198;-13.057;-13.021
11:26:15.412;-13.078;-13.044
11:26:15.571;-13.083;-13.049
11:26:15.775;-13.112;-13.064
11:26:15.981;-13.129;-13.078
11:26:16.188;-13.147;-13.087
11:26:16.403;-13.135;-13.095
11:26:16.570;-13.144;-13.116
11:26:16.784;-13.193;-13.124
11:26:16.993;-13.196;-13.136
11:26:17.202;-13.187;-13.15
11:26:17.370;-13.198;-13.144
11:26:17.579;-13.221;-13.156
11:26:17.785;-13.224;-13.185
11:26:17.994;-13.247;-13.213
11:26:18.205;-13.267;-13.21
11:26:18.378;-13.265;-13.219
11:26:18.588;-13.279;-13.248
11:26:18.796;-13.293;-13.248
11:26:19.004;-13.322;-13.257
11:26:19.218;-13.308;-13.28
11:26:19.369;-13.334;-13.288
11:26:19.583;-13.348;-13.288
11:26:19.789;-13.348;-13.303
11:26:20.002;-13.377;-13.317
11:26:20.174;-13.38;-13.317
11:26:20.382;-13.42;-13.357
11:26:20.595;-13.388;-13.354
11:26:20.805;-13.423;-13.369
11:26:20.968;-13.434;-13.372
11:26:21.180;-13.429;-13.375
11:26:21.389;-13.437;-13.409
11:26:21.599;-13.463;-13.406
11:26:21.805;-13.475;-13.409
11:26:21.971;-13.495;-13.438
11:26:22.180;-13.509;-13.432
11:26:22.387;-13.506;-13.449
11:26:22.599;-13.518;-13.455
11:26:22.805;-13.547;-13.493
11:26:22.973;-13.547;-13.484
11:26:23.187;-13.567;-13.521
11:26:23.399;-13.567;-13.524
11:26:23.608;-13.584;-13.553
11:26:23.768;-13.59;-13.536
11:26:23.983;-13.619;-13.544
11:26:24.185;-13.613;-13.564
11:26:24.395;-13.63;-13.573
11:26:24.602;-13.653;-13.599
11:26:24.768;-13.644;-13.608
11:26:24.982;-13.656;-13.61
11:26:25.194;-13.673;-13.645
11:26:25.399;-13.702;-13.654
11:26:25.574;-13.731;-13.668
11:26:25.788;-13.734;-13.674
11:26:25.993;-13.76;-13.685
11:26:26.203;-13.734;-13.7
11:26:26.368;-13.757;-13.705
11:26:26.578;-13.765;-13.7
11:26:26.801;-13.791;-13.714
11:26:26.998;-13.777;-13.754
11:26:27.170;-13.814;-13.746
11:26:27.379;-13.823;-13.783
11:26:27.583;-13.811;-13.792
11:26:27.796;-13.854;-13.806
11:26:28.003;-13.849;-13.812
11:26:28.175;-13.883;-13.826
11:26:28.386;-13.877;-13.826
11:26:28.598;-13.889;-13.869
11:26:28.811;-13.898;-13.869
11:26:28.972;-13.906;-13.872
11:26:29.183;-13.944;-13.887
11:26:29.396;-13.955;-13.878
11:26:29.601;-13.967;-13.91
11:26:29.768;-13.964;-13.913
11:26:29.982;-13.995;-13.941
11:26:30.194;-13.975;-13.93
11:26:30.401;-14.016;-13.964
11:26:30.610;-14.03;-13.973
11:26:30.775;-14.056;-13.982
11:26:30.987;-14.047;-14.008
11:26:31.194;-14.056;-14.01
11:26:31.407;-14.082;-14.039
11:26:31.567;-14.105;-14.039
11:26:31.773;-14.102;-14.054
11:26:31.981;-14.119;-14.074
11:26:32.206;-14.136;-14.068
11:26:32.409;-14.125;-14.082
11:26:32.567;-14.154;-14.091
11:26:32.781;-14.16;-14.108
11:26:32.994;-14.171;-14.1
11:26:33.207;-14.185;-14.131
11:26:33.372;-14.174;-14.146
11:26:33.588;-14.208;-14.163
11:26:33.797;-14.22;-14.169
11:26:34.009;-14.24;-14.189
11:26:34.169;-14.257;-14.212
11:26:34.379;-14.263;-14.215
11:26:34.588;-14.289;-14.223
11:26:34.794;-14.289;-14.241
11:26:34.971;-14.272;-14.244
11:26:35.179;-14.315;-14.241
11:26:35.390;-14.329;-14.258
11:26:35.606;-14.349;-14.284
11:26:35.773;-14.352;-14.298
11:26:35.986;-14.367;-14.307
11:26:36.198;-14.367;-14.327
11:26:36.410;-14.387;-14.353
11:26:36.571;-14.398;-14.362
11:26:36.779;-14.424;-14.37
11:26:36.994;-14.43;-14.387
11:26:37.197;-14.427;-14.376
11:26:37.370;-14.439;-14.405
11:26:37.580;-14.444;-14.408
11:26:37.790;-14.47;-14.431
11:26:37.998;-14.485;-14.442
11:26:38.210;-14.476;-14.454
11:26:38.373;-14.539;-14.448
11:26:38.579;-14.536;-14.465
11:26:38.780;-14.531;-14.456
11:26:38.987;-14.554;-14.491
11:26:39.194;-14.562;-14.511
11:26:39.415;-14.571;-14.537
11:26:39.572;-14.585;-14.528
11:26:39.782;-14.588;-14.523
11:26:39.988;-14.597;-14.554
11:26:40.202;-14.617;-14.557
11:26:40.374;-14.629;-14.569
11:26:40.582;-14.646;-14.597
11:26:40.795;-14.637;-14.595
11:26:41.002;-14.666;-14.615
11:26:41.167;-14.657;-14.629
11:26:41.375;-14.695;-14.623
11:26:41.584;-14.715;-14.644
11:26:41.792;-14.726;-14.658
11:26:42.001;-14.712;-14.672
11:26:42.167;-14.744;-14.681
11:26:42.381;-14.735;-14.698
11:26:42.592;-14.781;-14.687
11:26:42.802;-14.793;-14.713
11:26:42.974;-14.793;-14.727
11:26:43.187;-14.801;-14.747
11:26:43.396;-14.821;-14.759
11:26:43.614;-14.821;-14.785
11:26:43.767;-14.839;-14.799
11:26:43.975;-14.867;-14.799
11:26:44.185;-14.85;-14.799
11:26:44.391;-14.879;-14.816
11:26:44.598;-14.876;-14.828
11:26:44.771;-14.896;-14.839
11:26:44.979;-14.896;-14.851
11:26:45.189;-14.922;-14.894
11:26:45.397;-14.951;-14.885
11:26:45.608;-14.948;-14.897
11:26:45.774;-14.968;-14.894
11:26:45.985;-14.968;-14.917
11:26:46.198;-14.997;-14.937
11:26:46.410;-14.994;-14.923
11:26:46.569;-15.011;-14.949
11:26:46.782;-15.014;-14.977
11:26:46.985;-15.02;-14.98
11:26:47.200;-15.069;-14.995
11:26:47.403;-15.077;-15.003
11:26:47.570;-15.086;-15.009
11:26:47.780;-15.1;-15.044
11:26:47.994;-15.092;-15.058
11:26:48.207;-15.132;-15.058
11:26:48.376;-15.129;-15.061
11:26:48.590;-15.132;-15.075
11:26:48.798;-15.126;-15.095
11:26:49.003;-15.161;-15.075
11:26:49.170;-15.167;-15.124
11:26:49.376;-15.167;-15.133
11:26:49.586;-15.198;-15.159
11:26:49.796;-15.201;-15.144
11:26:50.002;-15.236;-15.159
11:26:50.168;-15.244;-15.164
11:26:50.381;-15.262;-15.182
11:26:50.592;-15.267;-15.196
11:26:50.799;-15.265;-15.228
11:26:50.971;-15.285;-15.21
11:26:51.183;-15.29;-15.231
11:26:51.391;-15.302;-15.233
11:26:51.601;-15.328;-15.262
11:26:51.768;-15.336;-15.271
11:26:51.975;-15.339;-15.277
11:26:52.196;-15.365;-15.294
11:26:52.397;-15.365;-15.317
11:26:52.565;-15.38;-15.32
11:26:52.779;-15.4;-15.326
11:26:52.991;-15.411;-15.343
11:26:53.197;-15.408;-15.372
11:26:53.410;-15.446;-15.374
11:26:53.575;-15.443;-15.377
11:26:53.787;-15.46;-15.409
11:26:54.006;-15.469;-15.397
11:26:54.210;-15.477;-15.432
11:26:54.368;-15.466;-15.435
11:26:54.587;-15.521;-15.438
11:26:54.806;-15.498;-15.458
11:26:54.966;-15.535;-15.481
11:26:55.179;-15.526;-15.498
11:26:55.391;-15.555;-15.504
11:26:55.597;-15.564;-15.513
11:26:55.767;-15.59;-15.521
11:26:55.979;-15.618;-15.536
11:26:56.192;-15.595;-15.561
11:26:56.401;-15.633;-15.582
11:26:56.577;-15.639;-15.55
11:26:56.789;-15.641;-15.579
11:26:56.994;-15.633;-15.579
11:26:57.211;-15.664;-15.608
11:26:57.366;-15.676;-15.608
11:26:57.574;-15.676;-15.625
11:26:57.783;-15.716;-15.651
11:26:57.991;-15.719;-15.665
11:26:58.198;-15.742;-15.654
11:26:58.368;-15.739;-15.671
11:26:58.582;-15.745;-15.688
11:26:58.792;-15.768;-15.7
11:26:58.999;-15.762;-15.726
11:26:59.206;-15.791;-15.711
11:26:59.373;-15.797;-15.728
11:26:59.586;-15.811;-15.777
11:26:59.791;-15.823;-15.76
11:27:00.011;-15.84;-15.78
11:27:00.171;-15.854;-15.795
11:27:00.394;-15.837;-15.797
11:27:00.597;-15.86;-15.829
11:27:00.806;-15.866;-15.832
11:27:00.965;-15.892;-15.826
11:27:01.179;-15.909;-15.838
11:27:01.392;-15.921;-15.846
11:27:01.607;-15.921;-15.884
11:27:01.774;-15.949;-15.869
11:27:01.983;-15.964;-15.892
11:27:02.194;-15.984;-15.91
11:27:02.401;-15.987;-15.915
11:27:02.567;-15.987;-15.938
11:27:02.775;-15.993;-15.933
11:27:02.982;-16.01;-15.973
11:27:03.188;-16.024;-15.964
11:27:03.395;-16.036;-15.967
11:27:03.619;-16.053;-15.979
11:27:03.771;-16.07;-15.999
11:27:03.976;-16.085;-16.016
11:27:04.191;-16.099;-16.031
11:27:04.399;-16.105;-16.025
11:27:04.612;-16.119;-16.048
11:27:04.773;-16.108;-16.054
11:27:04.979;-16.142;-16.059
11:27:05.179;-16.136;-16.077
11:27:05.386;-16.157;-16.079
11:27:05.593;-16.165;-16.091
11:27:05.800;-16.185;-16.143
11:27:05.969;-16.206;-16.128
11:27:06.177;-16.206;-16.128
11:27:06.391;-16.208;-16.16
11:27:06.604;-16.229;-16.174
11:27:06.775;-16.252;-16.163
11:27:06.988;-16.269;-16.169
11:27:07.201;-16.269;-16.22
11:27:07.413;-16.277;-16.22
11:27:07.567;-16.28;-16.212
11:27:07.781;-16.289;-16.229
11:27:07.991;-16.326;-16.255
11:27:08.198;-16.332;-16.264
11:27:08.366;-16.323;-16.272
11:27:08.575;-16.352;-16.295
11:27:08.784;-16.358;-16.292
11:27:08.991;-16.364;-16.31
11:27:09.204;-16.387;-16.321
11:27:09.375;-16.387;-16.333
11:27:09.588;-16.404;-16.333
11:27:09.799;-16.407;-16.344
11:27:10.015;-16.427;-16.367
11:27:10.170;-16.439;-16.356
11:27:10.383;-16.451;-16.37
11:27:10.596;-16.468;-16.402
11:27:10.803;-16.477;-16.416
11:27:10.969;-16.486;-16.431
11:27:11.183;-16.524;-16.44
11:27:11.393;-16.504;-16.446
11:27:11.605;-16.527;-16.472
11:27:11.775;-16.539;-16.478
11:27:11.988;-16.551;-16.492
11:27:12.196;-16.568;-16.492
11:27:12.409;-16.571;-16.507
11:27:12.568;-16.597;-16.525
11:27:12.780;-16.58;-16.542
11:27:12.989;-16.606;-16.551
11:27:13.195;-16.639;-16.566
11:27:13.369;-16.644;-16.557
11:27:13.580;-16.63;-16.604
11:27:13.790;-16.653;-16.595
11:27:13.998;-16.68;-16.589
11:27:14.208;-16.697;-16.648
11:27:14.375;-16.674;-16.61
11:27:14.587;-16.595;-16.534
11:27:14.794;-16.361;-16.327
11:27:15.010;-16.062;-16.013
11:27:15.168;-15.826;-15.812
11:27:15.375;-15.452;-15.492
11:27:15.597;-15.1;-15.176
11:27:15.794;-14.729;-14.842
11:27:16.000;-14.375;-14.5
11:27:16.168;-14.096;-14.226
11:27:16.380;-13.711;-13.869
11:27:16.588;-13.339;-13.527
11:27:16.796;-12.974;-13.167
11:27:17.009;-12.62;-12.839
11:27:17.175;-12.361;-12.583
11:27:17.387;-12.01;-12.206
11:27:17.595;-11.647;-11.875
11:27:17.805;-11.316;-11.567
11:27:17.965;-11.06;-11.314
11:27:18.175;-10.729;-10.989
11:27:18.382;-10.398;-10.67
11:27:18.602;-10.105;-10.356
11:27:18.817;-9.803;-10.057
11:27:18.968;-9.561;-9.821
11:27:19.182;-9.248;-9.507
11:27:19.388;-8.976;-9.234
11:27:19.601;-8.689;-8.965
11:27:19.774;-8.468;-8.71
11:27:19.987;-8.199;-8.449
11:27:20.192;-7.933;-8.177
11:27:20.412;-7.672;-7.891
11:27:20.566;-7.474;-7.707
11:27:20.791;-7.241;-7.449
11:27:20.991;-6.986;-7.199
11:27:21.197;-6.74;-6.981
11:27:21.367;-6.553;-6.763
11:27:21.582;-6.317;-6.536
11:27:21.794;-6.099;-6.295
11:27:22.002;-5.856;-6.086
11:27:22.178;-5.717;-5.921
11:27:22.384;-5.496;-5.709
11:27:22.597;-5.277;-5.471
11:27:22.810;-5.105;-5.278
11:27:22.969;-4.915;-5.117
11:27:23.182;-4.748;-4.915
11:27:23.388;-4.538;-4.728
11:27:23.595;-4.331;-4.544
11:27:23.768;-4.189;-4.394
11:27:23.976;-4.016;-4.21
11:27:24.186;-3.841;-4.02
11:27:24.398;-3.642;-3.864
11:27:24.605;-3.492;-3.683
11:27:24.772;-3.379;-3.549
11:27:24.985;-3.226;-3.399
11:27:25.196;-3.061;-3.229
11:27:25.407;-2.88;-3.068
11:27:25.618;-2.736;-2.929
11:27:25.770;-2.636;-2.796
11:27:25.982;-2.473;-2.631
11:27:26.191;-2.342;-2.488
11:27:26.401;-2.218;-2.351
11:27:26.569;-2.087;-2.241
11:27:26.777;-1.963;-2.104
11:27:26.994;-1.826;-1.998
11:27:27.203;-1.7;-1.855
11:27:27.374;-1.616;-1.751
11:27:27.587;-1.493;-1.628
11:27:27.797;-1.369;-1.513
11:27:28.004;-1.235;-1.389
11:27:28.167;-1.142;-1.308
11:27:28.374;-1.041;-1.177
11:27:28.594;-0.941;-1.067
11:27:28.804;-0.834;-0.972
11:27:28.966;-0.761;-0.88
11:27:29.179;-0.66;-0.798
11:27:29.390;-0.571;-0.706
11:27:29.601;-0.453;-0.613
11:27:29.768;-0.4;-0.54
11:27:29.976;-0.31;-0.456
11:27:30.193;-0.234;-0.384
11:27:30.404;-0.164;-0.3
11:27:30.575;-0.1;-0.243
11:27:30.783;-0.022;-0.168
11:27:30.996;0.04;-0.103
11:27:31.203;0.105;-0.039
11:27:31.413;0.149;-0.008
11:27:31.570;0.189;0.037
11:27:31.783;0.245;0.096
11:27:31.990;0.289;0.132
11:27:32.202;0.315;0.194
11:27:32.368;0.351;0.199
11:27:32.581;0.371;0.247
11:27:32.791;0.432;0.275
11:27:32.999;0.452;0.32
11:27:33.205;0.474;0.362
11:27:33.373;0.505;0.376
11:27:33.586;0.516;0.384
11:27:33.794;0.553;0.421
11:27:34.004;0.589;0.44
11:27:34.169;0.617;0.471
11:27:34.377;0.645;0.496
11:27:34.589;0.671;0.513
11:27:34.798;0.71;0.572
11:27:34.972;0.729;0.583
11:27:35.182;0.774;0.622
11:27:35.395;0.816;0.636
11:27:35.601;0.855;0.642
11:27:35.775;0.872;0.695
11:27:35.988;0.92;0.692
11:27:36.199;0.956;0.734
11:27:36.408;0.982;0.771
11:27:36.567;1.007;0.788
11:27:36.778;1.049;0.804
11:27:36.992;1.08;0.835
11:27:37.200;1.119;0.869
11:27:37.371;1.147;0.9
11:27:37.578;1.172;0.917
11:27:37.785;1.239;0.933
11:27:38.001;1.239;0.967
11:27:38.175;1.276;0.989
11:27:38.384;1.312;1.02
11:27:38.598;1.315;1.04
11:27:38.806;1.379;1.082
11:27:39.014;1.41;1.096
11:27:39.167;1.413;1.121
11:27:39.380;1.452;1.138
11:27:39.588;1.472;1.155
11:27:39.803;1.511;1.197
11:27:39.970;1.55;1.205
11:27:40.177;1.567;1.239
11:27:40.381;1.601;1.278
11:27:40.596;1.632;1.289
11:27:40.804;1.657;1.314
11:27:40.979;1.674;1.317
11:27:41.182;1.699;1.334
11:27:41.395;1.719;1.37
11:27:41.607;1.749;1.407
11:27:41.817;1.777;1.421
11:27:41.967;1.811;1.446
11:27:42.180;1.831;1.471
11:27:42.385;1.859;1.491
11:27:42.603;1.898;1.516
11:27:42.769;1.892;1.513
11:27:42.977;1.957;1.541
11:27:43.186;1.943;1.558
11:27:43.398;1.99;1.597
11:27:43.609;2.004;1.592
11:27:43.775;2.013;1.628
11:27:43.984;2.055;1.651
11:27:44.193;2.077;1.656
11:27:44.406;2.088;1.693
11:27:44.568;2.147;1.71
11:27:44.774;2.139;1.729
11:27:44.981;2.172;1.752
11:27:45.188;2.175;1.766
11:27:45.395;2.2;1.799
11:27:45.602;2.234;1.796
11:27:45.767;2.268;1.819
11:27:45.981;2.293;1.852
11:27:46.191;2.301;1.872
11:27:46.394;2.349;1.883
11:27:46.602;2.343;1.911
11:27:46.774;2.385;1.917
11:27:46.987;2.385;1.942
11:27:47.196;2.402;1.962
11:27:47.407;2.439;1.965
11:27:47.567;2.461;1.993
11:27:47.776;2.461;2.001
11:27:47.984;2.481;2.057
11:27:48.192;2.5;2.043
11:27:48.401;2.523;2.071
11:27:48.569;2.554;2.079
11:27:48.780;2.562;2.082
11:27:48.988;2.573;2.119
11:27:49.195;2.632;2.144
11:27:49.408;2.621;2.138
11:27:49.574;2.657;2.163
11:27:49.785;2.68;2.177
11:27:49.995;2.696;2.183
11:27:50.210;2.694;2.222
11:27:50.377;2.724;2.234
11:27:50.576;2.738;2.245
11:27:50.782;2.764;2.264
11:27:50.992;2.764;2.301
11:27:51.208;2.8;2.301
11:27:51.371;2.814;2.29
11:27:51.579;2.828;2.34
11:27:51.785;2.834;2.357
11:27:52.000;2.881;2.354
11:27:52.210;2.867;2.376
11:27:52.375;2.887;2.379
11:27:52.587;2.907;2.402
11:27:52.800;2.957;2.404
11:27:53.013;2.929;2.418
11:27:53.170;2.951;2.43
11:27:53.383;2.979;2.458
11:27:53.595;2.985;2.483
11:27:53.809;3.016;2.486
11:27:53.968;3.044;2.522
11:27:54.181;3.038;2.528
11:27:54.392;3.052;2.531
11:27:54.602;3.055;2.525
11:27:54.774;3.094;2.553
11:27:54.987;3.091;2.57
11:27:55.198;3.111;2.584
11:27:55.412;3.117;2.601
11:27:55.574;3.148;2.612
11:27:55.779;3.164;2.645
11:27:55.988;3.184;2.64
11:27:56.195;3.19;2.637
11:27:56.407;3.195;2.668
11:27:56.571;3.223;2.682
11:27:56.783;3.22;2.71
11:27:56.990;3.251;2.729
11:27:57.203;3.285;2.741
11:27:57.376;3.288;2.735
11:27:57.588;3.288;2.738
11:27:57.796;3.307;2.769
11:27:58.005;3.31;2.783
11:27:58.172;3.338;2.794
11:27:58.374;3.352;2.822
11:27:58.582;3.33;2.802
11:27:58.788;3.363;2.839
11:27:58.995;3.375;2.881
11:27:59.202;3.411;2.853
11:27:59.368;3.419;2.872
11:27:59.580;3.405;2.878
11:27:59.786;3.436;2.889
11:27:59.999;3.428;2.906
11:28:00.207;3.467;2.914
11:28:00.374;3.473;2.928
11:28:00.589;3.461;2.94
11:28:00.793;3.487;2.931
11:28:01.007;3.503;2.954
11:28:01.215;3.537;2.976
11:28:01.371;3.509;2.976
11:28:01.583;3.526;2.987
11:28:01.798;3.531;2.976
11:28:01.966;3.554;3.001
11:28:02.175;3.573;3.018
11:28:02.388;3.568;2.979
11:28:02.596;3.587;2.996
11:28:02.807;3.585;3.01
11:28:02.975;3.599;3.012
11:28:03.188;3.61;3.054
11:28:03.399;3.613;3.071
11:28:03.604;3.613;3.077
11:28:03.768;3.649;3.071
11:28:03.974;3.663;3.094
11:28:04.186;3.646;3.085
11:28:04.391;3.672;3.099
11:28:04.608;3.683;3.113
11:28:04.767;3.657;3.113
11:28:04.979;3.7;3.119
11:28:05.190;3.728;3.13
11:28:05.402;3.714;3.144
11:28:05.608;3.733;3.139
11:28:05.775;3.761;3.164
11:28:05.987;3.742;3.15
11:28:06.199;3.744;3.158
11:28:06.412;3.756;3.161
11:28:06.573;3.744;3.153
11:28:06.779;3.767;3.161
11:28:06.996;3.761;3.161
11:28:07.203;3.795;3.155
11:28:07.372;3.798;3.178
11:28:07.581;3.795;3.164
11:28:07.789;3.814;3.181
11:28:08.000;3.809;3.197
11:28:08.208;3.826;3.2
11:28:08.373;3.845;3.225
11:28:08.587;3.831;3.223
11:28:08.794;3.851;3.265
11:28:09.001;3.845;3.253
11:28:09.167;3.901;3.253
11:28:09.392;3.887;3.256
11:28:09.592;3.896;3.276
11:28:09.816;3.904;3.295
11:28:09.968;3.918;3.295
11:28:10.182;3.924;3.298
11:28:10.389;3.946;3.329
11:28:10.604;3.963;3.34
11:28:10.810;3.969;3.343
11:28:10.975;3.935;3.34
11:28:11.188;3.971;3.332
11:28:11.400;3.955;3.357
11:28:11.605;4.002;3.363
11:28:11.771;3.991;3.38
11:28:11.982;3.969;3.363
11:28:12.183;3.999;3.365
11:28:12.393;4.022;3.38
11:28:12.603;4.002;3.357
11:28:12.767;4.025;3.382
11:28:12.980;4.039;3.357
11:28:13.191;4.022;3.36
11:28:13.399;4.039;3.332
11:28:13.609;4.022;3.323
11:28:13.775;4.044;3.368
11:28:13.988;4.047;3.377
11:28:14.195;4.041;3.385
11:28:14.412;4.053;3.357
11:28:14.569;4.069;3.396
11:28:14.793;4.081;3.388
11:28:14.996;4.097;3.43
11:28:15.205;4.1;3.413
11:28:15.371;4.111;3.427
11:28:15.577;4.109;3.422
11:28:15.789;4.097;3.419
11:28:15.996;4.103;3.438
11:28:16.203;4.131;3.436
11:28:16.375;4.131;3.441
11:28:16.587;4.151;3.464
11:28:16.791;4.153;3.461
11:28:17.004;4.159;3.475
11:28:17.171;4.162;3.494
11:28:17.375;4.167;3.494
11:28:17.581;4.204;3.489
11:28:17.789;4.195;3.478
11:28:17.996;4.195;3.52
11:28:18.203;4.209;3.514
11:28:18.367;4.22;3.508
11:28:18.579;4.209;3.517
11:28:18.783;4.215;3.52
11:28:18.996;4.218;3.55
11:28:19.203;4.248;3.556
11:28:19.375;4.264;3.573
11:28:19.586;4.278;3.567
11:28:19.799;4.267;3.581
11:28:20.011;4.273;3.606
11:28:20.170;4.284;3.618
11:28:20.380;4.287;3.612
11:28:20.596;4.317;3.635
11:28:20.805;4.314;3.635
11:28:20.970;4.336;3.643
11:28:21.177;4.325;3.649
11:28:21.390;4.334;3.66
11:28:21.598;4.339;3.674
11:28:21.804;4.367;3.721
11:28:21.974;4.35;3.713
11:28:22.186;4.369;3.741
11:28:22.396;4.403;3.744
11:28:22.610;4.419;3.766
11:28:22.766;4.414;3.78
11:28:22.972;4.436;3.794
11:28:23.179;4.444;3.803
11:28:23.389;4.427;3.817
11:28:23.596;4.458;3.842
11:28:23.809;4.477;3.861
11:28:23.968;4.48;3.873
11:28:24.182;4.499;3.898
11:28:24.397;4.499;3.892
11:28:24.612;4.535;3.937
11:28:24.774;4.53;3.946
11:28:24.979;4.53;3.96
11:28:25.189;4.563;3.982
11:28:25.392;4.585;4.007
11:28:25.604;4.599;4.024
11:28:25.769;4.632;4.055
11:28:25.982;4.607;4.055
11:28:26.191;4.67;4.08
11:28:26.399;4.623;4.091
11:28:26.567;4.648;4.122
11:28:26.778;4.681;4.142
11:28:26.985;4.681;4.161
11:28:27.197;4.692;4.164
11:28:27.402;4.712;4.209
11:28:27.574;4.734;4.211
11:28:27.786;4.742;4.214
11:28:27.992;4.759;4.275
11:28:28.211;4.767;4.275
11:28:28.365;4.781;4.297
11:28:28.574;4.789;4.333
11:28:28.785;4.814;4.355
11:28:28.991;4.817;4.369
11:28:29.211;4.847;4.405
11:28:29.369;4.855;4.432
11:28:29.580;4.894;4.446
11:28:29.787;4.897;4.468
11:28:29.994;4.911;4.477
11:28:30.202;4.93;4.512
11:28:30.374;4.944;4.521
11:28:30.587;4.963;4.557
11:28:30.798;4.974;4.584
11:28:31.004;4.988;4.612
11:28:31.170;5.007;4.609
11:28:31.375;5.029;4.628
11:28:31.584;5.018;4.662
11:28:31.791;5.032;4.681
11:28:32.001;5.073;4.703
11:28:32.167;5.087;4.731
11:28:32.381;5.071;4.742
11:28:32.592;5.107;4.775
11:28:32.800;5.123;4.802
11:28:33.009;5.14;4.813
11:28:33.175;5.159;4.83
11:28:33.382;5.165;4.855
11:28:33.595;5.176;4.88
11:28:33.806;5.189;4.904
11:28:34.016;5.217;4.96
11:28:34.169;5.225;4.971
11:28:34.380;5.247;4.974
11:28:34.589;5.267;5.012
11:28:34.797;5.267;5.018
11:28:35.008;5.294;5.051
11:28:35.169;5.322;5.07
11:28:35.382;5.316;5.087
11:28:35.588;5.352;5.131
11:28:35.799;5.341;5.134
11:28:36.006;5.369;5.175
11:28:36.170;5.391;5.183
11:28:36.384;5.402;5.211
11:28:36.581;5.399;5.25
11:28:36.803;5.441;5.241
11:28:37.009;5.449;5.286
11:28:37.171;5.452;5.302
11:28:37.379;5.485;5.346
11:28:37.590;5.485;5.374
11:28:37.798;5.535;5.418
11:28:38.004;5.529;5.426
11:28:38.179;5.532;5.432
11:28:38.388;5.554;5.471
11:28:38.600;5.573;5.462
11:28:38.807;5.598;5.501
11:28:38.968;5.606;5.534
11:28:39.180;5.617;5.545
11:28:39.386;5.651;5.562
11:28:39.594;5.634;5.586
11:28:39.767;5.664;5.598
11:28:39.975;5.659;5.595
11:28:40.192;5.697;5.644
11:28:40.402;5.673;5.636
11:28:40.574;5.697;5.647
11:28:40.788;5.714;5.661
11:28:40.995;5.722;5.683
11:28:41.206;5.717;5.678
11:28:41.366;5.728;5.702
11:28:41.573;5.731;5.691
11:28:41.799;5.753;5.73
11:28:42.000;5.75;5.716
11:28:42.211;5.761;5.713
11:28:42.368;5.775;5.738
11:28:42.581;5.769;5.755
11:28:42.792;5.772;5.78
11:28:43.000;5.789;5.76
11:28:43.209;5.808;5.78
11:28:43.377;5.789;5.777
11:28:43.586;5.811;5.785
11:28:43.806;5.808;5.794
11:28:44.013;5.808;5.807
11:28:44.167;5.808;5.794
11:28:44.375;5.83;5.821
11:28:44.586;5.822;5.816
11:28:44.802;5.811;5.832
11:28:44.968;5.844;5.827
11:28:45.177;5.841;5.824
11:28:45.390;5.838;5.824
11:28:45.596;5.836;5.829
11:28:45.809;5.836;5.829
11:28:45.975;5.847;5.835
11:28:46.188;5.849;5.857
11:28:46.395;5.847;5.832
11:28:46.610;5.849;5.854
11:28:46.769;5.838;5.86
11:28:46.976;5.866;5.86
11:28:47.183;5.885;5.863
11:28:47.407;5.871;5.868
11:28:47.623;5.882;5.871
11:28:47.765;5.866;5.863
11:28:47.982;5.888;5.871
11:28:48.189;5.86;5.887
11:28:48.395;5.874;5.871
11:28:48.609;5.896;5.865
11:28:48.775;5.885;5.898
11:28:48.980;5.88;5.868
11:28:49.194;5.882;5.876
11:28:49.409;5.882;5.898
11:28:49.569;5.891;5.893
11:28:49.774;5.88;5.898
11:28:49.990;5.88;5.89
11:28:50.189;5.891;5.912
11:28:50.396;5.899;5.896
11:28:50.605;5.877;5.904
11:28:50.771;5.877;5.885
11:28:50.978;5.899;5.896
11:28:51.186;5.896;5.907
11:28:51.398;5.894;5.912
11:28:51.610;5.905;5.89
11:28:51.774;5.894;5.915
11:28:51.987;5.905;5.904
11:28:52.197;5.885;5.91
11:28:52.403;5.913;5.921
11:28:52.568;5.916;5.907
11:28:52.775;5.894;5.918
11:28:52.984;5.905;5.912
